
{
	"design":{"font":"HmToolBar","fontsize":16,"showname":"nameonly"},
	"tbcmd": {
		"274":{"name":" ", "color":"black","alt":"M71"},
		"275":{"name":" ", "color":"black","alt":"M72"},
		"276":{"name":" ", "color":"black","alt":"M73"},
		"277":{"name":" ", "color":"black","alt":"M74"},
		"278":{"name":" ", "color":"black","alt":"M75"},
		"279":{"name":" ", "color":"black","alt":"M76"},
		"280":{"name":" ", "color":"black","alt":"M77"},
		"281":{"name":" ", "color":"black","alt":"M78"},
		"282":{"name":" ", "color":"black","alt":"M79"},
		"283":{"name":" ", "color":"black","alt":"M80"},
	},
	"colors":{
		"blue":{"light":"#46c","dark":"#7AC0FF"},
		"black":{"light":"#444","dark":"#BBB"},
		"green":{"light":"#09B28B","dark":"#09B28B"},
		"red":"#f00",
		"orange":"#fc4",
	},
	"dummy_list":"",
}
